id,promise_status,verification_timeline,evidence_status,evidence_quality
10001,Yes,already,Yes,Clear
10004,Yes,more_than_5_years,Yes,Not Clear
10005,Yes,already,No,N/A
10011,Yes,already,Yes,Clear
10020,Yes,already,Yes,Clear
10022,Yes,more_than_5_years,No,N/A
10031,Yes,already,Yes,Clear
10034,Yes,already,Yes,Not Clear
10039,Yes,more_than_5_years,Yes,Clear
10053,Yes,more_than_5_years,Yes,N/A
10063,Yes,already,Yes,Clear
10064,Yes,between_2_and_5_years,No,N/A
10065,Yes,already,Yes,Clear
10066,No,N/A,N/A,N/A
10067,Yes,already,Yes,Clear
10068,No,N/A,N/A,N/A
10070,No,N/A,N/A,N/A
10076,Yes,more_than_5_years,Yes,Clear
10077,Yes,already,Yes,Clear
10097,Yes,more_than_5_years,N/A,Clear
10100,Yes,already,Yes,Clear
10102,Yes,already,Yes,Clear
10112,Yes,already,Yes,Clear
10113,Yes,already,No,N/A
10121,Yes,already,Yes,Clear
10125,Yes,more_than_5_years,Yes,Clear
10128,No,N/A,N/A,N/A
10134,Yes,already,Yes,Clear
10138,Yes,already,Yes,Clear
10146,Yes,already,Yes,Clear
10155,Yes,more_than_5_years,Yes,Clear
10163,No,N/A,N/A,N/A
10170,Yes,already,Yes,Clear
10171,Yes,between_2_and_5_years,No,N/A
10172,Yes,already,No,N/A
10174,Yes,more_than_5_years,No,N/A
10181,Yes,already,No,N/A
10185,Yes,already,Yes,Clear
10192,Yes,more_than_5_years,Yes,Clear
10196,Yes,more_than_5_years,Yes,Clear
10198,Yes,already,Yes,Clear
10209,Yes,already,N/A,Clear
10211,Yes,already,Yes,Clear
10213,Yes,already,Yes,Clear
10215,Yes,more_than_5_years,Yes,Clear
10222,Yes,already,Yes,Clear
10225,Yes,already,Yes,Clear
10226,Yes,already,Yes,Clear
10232,Yes,between_2_and_5_years,Yes,Not Clear
10235,Yes,already,Yes,Clear
10238,Yes,more_than_5_years,Yes,Clear
10244,Yes,between_2_and_5_years,No,N/A
10247,No,N/A,N/A,N/A
10254,Yes,already,Yes,Clear
10257,Yes,within_2_years,Yes,Clear
10258,Yes,already,No,N/A
10261,Yes,already,Yes,Clear
10267,Yes,more_than_5_years,Yes,Clear
10282,Yes,already,Yes,Clear
10283,Yes,already,Yes,Clear
10287,Yes,more_than_5_years,Yes,Clear
10298,Yes,already,Yes,Clear
10332,No,N/A,N/A,N/A
10333,Yes,already,Yes,Clear
10338,Yes,already,Yes,Clear
10343,Yes,between_2_and_5_years,No,N/A
10348,Yes,already,Yes,Clear
10350,No,N/A,N/A,N/A
10355,No,N/A,N/A,N/A
10356,Yes,already,No,N/A
10363,No,N/A,N/A,N/A
10364,Yes,more_than_5_years,Yes,Clear
10366,Yes,already,No,N/A
10371,No,N/A,N/A,N/A
10375,No,N/A,N/A,N/A
10382,Yes,between_2_and_5_years,Yes,Not Clear
10386,Yes,already,Yes,Clear
10388,No,N/A,N/A,N/A
10397,Yes,already,Yes,Clear
10405,Yes,between_2_and_5_years,No,N/A
10418,Yes,more_than_5_years,Yes,Clear
10419,Yes,more_than_5_years,Yes,Clear
10420,No,N/A,N/A,N/A
10424,No,N/A,N/A,N/A
10428,No,N/A,N/A,N/A
10432,Yes,already,Yes,Clear
10453,No,N/A,N/A,N/A
10459,Yes,more_than_5_years,Yes,Clear
10467,Yes,already,Yes,Clear
10472,Yes,between_2_and_5_years,Yes,Clear
10473,Yes,more_than_5_years,Yes,Clear
10475,Yes,more_than_5_years,Yes,Clear
10481,No,N/A,N/A,N/A
10483,No,N/A,N/A,N/A
10484,Yes,between_2_and_5_years,No,N/A
10486,Yes,already,Yes,Clear
10488,Yes,already,Yes,Clear
10498,Yes,already,Yes,Clear
10499,Yes,already,No,N/A
10503,No,N/A,N/A,N/A
10514,Yes,N/A,Yes,N/A
10515,No,N/A,N/A,N/A
10517,Yes,already,Yes,Clear
10520,No,N/A,N/A,N/A
10525,Yes,between_2_and_5_years,N/A,Not Clear
10527,Yes,already,Yes,Clear
10530,Yes,already,Yes,Clear
10531,Yes,already,Yes,Clear
10535,Yes,already,Yes,Clear
10537,Yes,already,No,N/A
10558,Yes,already,Yes,Clear
10571,Yes,already,Yes,Clear
10574,Yes,between_2_and_5_years,Yes,Clear
10576,Yes,already,Yes,Clear
10577,Yes,more_than_5_years,Yes,Clear
10584,Yes,already,Yes,Clear
10586,Yes,already,Yes,Clear
10592,Yes,already,Yes,Clear
10605,No,N/A,N/A,N/A
10606,Yes,already,Yes,Clear
10613,Yes,already,No,N/A
10614,Yes,already,Yes,Clear
10623,Yes,already,Yes,Clear
10624,No,N/A,N/A,N/A
10635,Yes,more_than_5_years,Yes,Clear
10645,Yes,already,Yes,Clear
10647,Yes,already,No,N/A
10650,Yes,already,Yes,Clear
10654,No,N/A,N/A,N/A
10658,Yes,already,No,N/A
10659,Yes,between_2_and_5_years,Yes,Clear
10661,Yes,already,Yes,Clear
10662,Yes,already,Yes,Clear
10663,Yes,already,Yes,Clear
10668,Yes,more_than_5_years,Yes,Clear
10671,Yes,already,Yes,Clear
10672,No,N/A,N/A,N/A
10676,Yes,between_2_and_5_years,Yes,Not Clear
10681,Yes,already,Yes,Clear
10684,Yes,already,Yes,Clear
10691,Yes,already,Yes,Clear
10692,Yes,already,Yes,Clear
10710,Yes,more_than_5_years,Yes,Clear
10719,Yes,already,No,N/A
10721,No,N/A,N/A,N/A
10723,Yes,more_than_5_years,Yes,Clear
10727,Yes,already,Yes,Clear
10738,Yes,between_2_and_5_years,Yes,Not Clear
10739,Yes,already,No,N/A
10740,Yes,already,Yes,Clear
10748,No,N/A,N/A,N/A
10749,Yes,already,Yes,Clear
10750,Yes,already,Yes,Clear
10752,Yes,more_than_5_years,Yes,Clear
10753,Yes,already,Yes,Clear
10760,Yes,already,Yes,Clear
10763,Yes,between_2_and_5_years,Yes,Clear
10770,Yes,more_than_5_years,No,N/A
10771,Yes,between_2_and_5_years,Yes,Not Clear
10776,Yes,already,Yes,Clear
10778,Yes,already,Yes,Clear
10791,Yes,between_2_and_5_years,No,N/A
10794,Yes,more_than_5_years,Yes,Clear
10795,Yes,between_2_and_5_years,No,N/A
10803,Yes,between_2_and_5_years,Yes,Not Clear
10805,Yes,between_2_and_5_years,Yes,Not Clear
10810,Yes,already,Yes,Clear
10811,Yes,more_than_5_years,Yes,Clear
10827,No,N/A,N/A,N/A
10830,Yes,already,Yes,Clear
10831,Yes,between_2_and_5_years,Yes,Not Clear
10840,Yes,between_2_and_5_years,No,N/A
10844,Yes,already,Yes,Clear
10846,Yes,already,Yes,Clear
10848,No,N/A,N/A,N/A
10857,Yes,already,No,N/A
10858,No,N/A,N/A,N/A
10860,No,N/A,N/A,N/A
10861,Yes,already,Yes,Clear
10867,Yes,between_2_and_5_years,Yes,Clear
10882,Yes,already,Yes,Clear
10884,Yes,already,Yes,Clear
10885,No,N/A,N/A,N/A
10890,No,N/A,N/A,N/A
10894,Yes,already,Yes,Clear
10899,No,N/A,N/A,N/A
10900,Yes,more_than_5_years,Yes,Clear
10906,Yes,already,Yes,Clear
10915,Yes,already,Yes,Clear
10919,Yes,within_2_years,Yes,Clear
10920,Yes,already,Yes,Clear
10923,Yes,more_than_5_years,Yes,Clear
10945,No,N/A,N/A,N/A
10950,Yes,between_2_and_5_years,No,N/A
10977,Yes,within_2_years,Yes,Clear
10979,Yes,between_2_and_5_years,Yes,Not Clear
10980,No,N/A,N/A,N/A
10983,No,N/A,N/A,N/A
10988,Yes,already,Yes,Clear
10998,Yes,already,Yes,Clear
