id,promise_status,verification_timeline,evidence_status,evidence_quality,promise_status_confidence,verification_timeline_confidence,evidence_status_confidence,evidence_quality_confidence
10577,Yes,between_2_and_5_years,Yes,Clear,0.925,0.465,0.926,0.872
10630,Yes,between_2_and_5_years,No,N/A,0.917,0.675,0.701,1.0
10558,Yes,between_2_and_5_years,Yes,Clear,0.942,0.541,0.899,0.594
10642,Yes,between_2_and_5_years,Yes,Clear,0.587,0.471,0.663,0.591
10678,Yes,between_2_and_5_years,Yes,Not Clear,0.901,0.675,0.842,0.927
10079,Yes,more_than_5_years,Yes,Clear,0.946,0.512,0.882,0.794
10349,Yes,between_2_and_5_years,Yes,Clear,0.909,0.588,0.895,0.857
10468,Yes,already,Yes,Clear,0.907,0.438,0.93,0.897
10353,No,N/A,N/A,N/A,0.791,1.0,1.0,1.0
10984,Yes,between_2_and_5_years,Yes,Not Clear,0.843,0.526,0.536,0.381
10365,Yes,already,Yes,Clear,0.941,0.413,0.892,0.827
10132,No,N/A,N/A,N/A,0.661,1.0,1.0,1.0
10039,Yes,already,Yes,Clear,0.917,0.422,0.913,0.939
10720,Yes,between_2_and_5_years,Yes,Clear,0.887,0.459,0.907,0.919
10679,Yes,more_than_5_years,Yes,Clear,0.912,0.569,0.886,0.839
10333,Yes,between_2_and_5_years,Yes,Clear,0.915,0.597,0.742,0.703
10487,Yes,already,Yes,Clear,0.864,0.646,0.885,0.9
10343,No,N/A,N/A,N/A,0.792,1.0,1.0,1.0
10774,Yes,between_2_and_5_years,Yes,Not Clear,0.904,0.472,0.679,0.951
10037,No,N/A,N/A,N/A,0.652,1.0,1.0,1.0
10973,No,N/A,N/A,N/A,0.923,1.0,1.0,1.0
10113,Yes,between_2_and_5_years,Yes,Not Clear,0.694,0.513,0.489,0.893
10688,Yes,already,Yes,Clear,0.725,0.533,0.678,0.701
10232,Yes,more_than_5_years,Yes,Not Clear,0.929,0.595,0.873,0.499
10814,Yes,between_2_and_5_years,No,N/A,0.919,0.733,0.533,1.0
10905,Yes,between_2_and_5_years,N/A,Not Clear,0.515,0.537,0.404,0.446
10547,Yes,already,Yes,Clear,0.933,0.39,0.914,0.689
10542,Yes,more_than_5_years,Yes,Clear,0.931,0.826,0.86,0.695
10302,No,N/A,N/A,N/A,0.637,1.0,1.0,1.0
10516,Yes,more_than_5_years,Yes,Clear,0.916,0.738,0.889,0.541
10265,Yes,already,Yes,Clear,0.871,0.461,0.877,0.905
10631,Yes,between_2_and_5_years,Yes,Clear,0.937,0.47,0.884,0.778
10533,Yes,between_2_and_5_years,No,N/A,0.911,0.732,0.545,1.0
10895,Yes,more_than_5_years,Yes,Clear,0.913,0.812,0.841,0.802
10227,Yes,between_2_and_5_years,No,N/A,0.901,0.692,0.57,1.0
10779,Yes,more_than_5_years,Yes,Clear,0.927,0.471,0.914,0.696
10907,Yes,already,Yes,Clear,0.916,0.569,0.914,0.867
10568,Yes,between_2_and_5_years,Yes,Clear,0.931,0.397,0.912,0.727
10733,Yes,already,Yes,Clear,0.689,0.469,0.68,0.465
10550,Yes,between_2_and_5_years,No,N/A,0.801,0.668,0.949,1.0
10057,Yes,between_2_and_5_years,No,N/A,0.902,0.655,0.825,1.0
10752,Yes,more_than_5_years,Yes,Clear,0.919,0.753,0.902,0.797
10579,No,N/A,N/A,N/A,0.705,1.0,1.0,1.0
10194,Yes,more_than_5_years,Yes,Clear,0.906,0.925,0.752,0.49
10981,Yes,more_than_5_years,Yes,Clear,0.924,0.858,0.854,0.506
10965,Yes,more_than_5_years,Yes,Not Clear,0.947,0.591,0.534,0.572
10072,Yes,already,Yes,Clear,0.626,0.636,0.7,0.698
10066,No,N/A,N/A,N/A,0.971,1.0,1.0,1.0
10167,No,N/A,N/A,N/A,0.97,1.0,1.0,1.0
10303,Yes,between_2_and_5_years,No,N/A,0.898,0.654,0.751,1.0
10505,Yes,more_than_5_years,Yes,Not Clear,0.919,0.866,0.86,0.63
10947,Yes,between_2_and_5_years,Yes,Clear,0.889,0.539,0.924,0.597
10337,Yes,between_2_and_5_years,Yes,Not Clear,0.927,0.338,0.688,0.895
10936,Yes,already,Yes,Clear,0.707,0.704,0.789,0.774
10549,Yes,between_2_and_5_years,No,N/A,0.889,0.702,0.764,1.0
10634,Yes,already,Yes,Clear,0.903,0.55,0.918,0.859
10001,Yes,already,Yes,Clear,0.874,0.606,0.859,0.861
10589,Yes,already,Yes,Clear,0.926,0.513,0.905,0.876
10036,Yes,more_than_5_years,Yes,Clear,0.901,0.366,0.844,0.832
10842,Yes,between_2_and_5_years,Yes,Not Clear,0.856,0.602,0.894,0.518
10839,Yes,already,Yes,Clear,0.913,0.545,0.894,0.759
10629,Yes,already,Yes,Clear,0.904,0.386,0.931,0.699
10235,Yes,already,Yes,Clear,0.93,0.435,0.931,0.856
10682,No,N/A,N/A,N/A,0.69,1.0,1.0,1.0
10478,Yes,already,Yes,Clear,0.831,0.669,0.887,0.894
10751,Yes,between_2_and_5_years,Yes,Clear,0.925,0.483,0.925,0.863
10945,No,N/A,N/A,N/A,0.961,1.0,1.0,1.0
10863,No,N/A,N/A,N/A,0.97,1.0,1.0,1.0
10285,Yes,more_than_5_years,Yes,Not Clear,0.945,0.399,0.883,0.693
10146,No,N/A,N/A,N/A,0.935,1.0,1.0,1.0
10255,Yes,already,Yes,Clear,0.923,0.503,0.929,0.831
10003,Yes,more_than_5_years,No,N/A,0.897,0.583,0.872,1.0
10442,No,N/A,N/A,N/A,0.547,1.0,1.0,1.0
10293,Yes,more_than_5_years,Yes,Clear,0.885,0.458,0.878,0.912
10155,Yes,more_than_5_years,Yes,Clear,0.933,0.787,0.8,0.82
10884,Yes,already,Yes,Clear,0.924,0.437,0.918,0.643
10231,Yes,between_2_and_5_years,Yes,Clear,0.932,0.461,0.709,0.87
10590,Yes,already,Yes,Clear,0.913,0.682,0.911,0.877
10554,Yes,between_2_and_5_years,No,N/A,0.799,0.651,0.682,1.0
10915,No,N/A,N/A,N/A,0.616,1.0,1.0,1.0
10825,Yes,between_2_and_5_years,Yes,Not Clear,0.904,0.53,0.675,0.934
10011,Yes,between_2_and_5_years,Yes,Clear,0.937,0.555,0.9,0.576
10831,Yes,between_2_and_5_years,Yes,Not Clear,0.891,0.675,0.795,0.935
10056,Yes,more_than_5_years,Yes,Clear,0.917,0.689,0.923,0.768
10226,Yes,already,Yes,Clear,0.925,0.448,0.908,0.648
10819,No,N/A,N/A,N/A,0.974,1.0,1.0,1.0
10958,Yes,already,Yes,Clear,0.922,0.524,0.922,0.807
10250,Yes,between_2_and_5_years,No,N/A,0.883,0.702,0.787,1.0
10019,No,N/A,N/A,N/A,0.801,1.0,1.0,1.0
10768,Yes,more_than_5_years,Yes,Clear,0.932,0.857,0.647,0.597
10211,Yes,more_than_5_years,Yes,Not Clear,0.919,0.456,0.886,0.747
10610,Yes,more_than_5_years,Yes,Not Clear,0.911,0.803,0.769,0.825
10865,Yes,between_2_and_5_years,Yes,Not Clear,0.814,0.527,0.845,0.793
10964,Yes,already,Yes,Clear,0.922,0.565,0.933,0.842
10217,Yes,between_2_and_5_years,Yes,Not Clear,0.919,0.444,0.918,0.751
10244,No,N/A,N/A,N/A,0.971,1.0,1.0,1.0
10358,Yes,more_than_5_years,Yes,Not Clear,0.907,0.667,0.872,0.635
10278,Yes,between_2_and_5_years,Yes,Clear,0.915,0.504,0.918,0.73
10184,Yes,between_2_and_5_years,Yes,Clear,0.925,0.485,0.904,0.901
10963,Yes,more_than_5_years,Yes,Clear,0.936,0.57,0.802,0.503
10557,Yes,between_2_and_5_years,No,N/A,0.855,0.613,0.923,1.0
10668,Yes,more_than_5_years,Yes,Clear,0.927,0.808,0.818,0.823
10138,Yes,already,Yes,Clear,0.892,0.632,0.883,0.844
10859,No,N/A,N/A,N/A,0.531,1.0,1.0,1.0
10441,Yes,more_than_5_years,No,N/A,0.866,0.916,0.64,1.0
10369,No,N/A,N/A,N/A,0.688,1.0,1.0,1.0
10104,No,N/A,N/A,N/A,0.943,1.0,1.0,1.0
10980,No,N/A,N/A,N/A,0.97,1.0,1.0,1.0
10929,Yes,already,Yes,Clear,0.809,0.632,0.832,0.886
10158,Yes,between_2_and_5_years,No,N/A,0.846,0.619,0.943,1.0
10918,No,N/A,N/A,N/A,0.947,1.0,1.0,1.0
10986,Yes,already,Yes,Clear,0.844,0.571,0.887,0.764
10946,Yes,more_than_5_years,No,N/A,0.867,0.494,0.925,1.0
10932,Yes,more_than_5_years,No,N/A,0.944,0.558,0.574,1.0
10793,Yes,already,Yes,Clear,0.701,0.585,0.698,0.646
10867,Yes,more_than_5_years,Yes,Clear,0.944,0.68,0.548,0.512
10805,No,N/A,N/A,N/A,0.812,1.0,1.0,1.0
10046,Yes,more_than_5_years,Yes,Not Clear,0.928,0.445,0.872,0.851
10032,Yes,already,Yes,Clear,0.851,0.728,0.873,0.786
10485,Yes,between_2_and_5_years,Yes,Clear,0.924,0.444,0.811,0.838
10083,Yes,between_2_and_5_years,Yes,Clear,0.939,0.564,0.795,0.67
10609,Yes,already,Yes,Clear,0.625,0.524,0.706,0.64
10664,Yes,between_2_and_5_years,Yes,Clear,0.886,0.68,0.887,0.711
10806,No,N/A,N/A,N/A,0.963,1.0,1.0,1.0
10409,Yes,already,Yes,Clear,0.922,0.425,0.92,0.867
10740,Yes,between_2_and_5_years,Yes,Not Clear,0.948,0.68,0.643,0.485
10116,Yes,more_than_5_years,Yes,Not Clear,0.905,0.897,0.813,0.597
10266,Yes,already,Yes,Clear,0.655,0.701,0.731,0.793
10585,Yes,between_2_and_5_years,Yes,Clear,0.932,0.381,0.865,0.545
10465,No,N/A,N/A,N/A,0.663,1.0,1.0,1.0
10203,No,N/A,N/A,N/A,0.932,1.0,1.0,1.0
10864,Yes,between_2_and_5_years,Yes,Not Clear,0.783,0.624,0.688,0.927
10328,Yes,already,Yes,Clear,0.828,0.608,0.88,0.884
10395,Yes,already,Yes,Clear,0.906,0.613,0.9,0.867
10818,Yes,already,Yes,Clear,0.887,0.528,0.924,0.902
10180,Yes,already,Yes,Clear,0.69,0.608,0.693,0.66
10856,Yes,already,Yes,Clear,0.919,0.507,0.919,0.805
10726,Yes,between_2_and_5_years,Yes,Clear,0.876,0.524,0.713,0.633
10858,No,N/A,N/A,N/A,0.964,1.0,1.0,1.0
10168,Yes,already,Yes,Not Clear,0.938,0.358,0.928,0.513
10458,Yes,already,Yes,Not Clear,0.883,0.544,0.72,0.534
10362,Yes,more_than_5_years,Yes,Not Clear,0.92,0.889,0.738,0.551
10962,Yes,already,Yes,Clear,0.901,0.527,0.878,0.911
10817,Yes,already,Yes,Clear,0.914,0.575,0.912,0.909
10816,No,N/A,N/A,N/A,0.973,1.0,1.0,1.0
10139,Yes,between_2_and_5_years,Yes,Clear,0.917,0.48,0.91,0.832
10770,Yes,more_than_5_years,No,N/A,0.82,0.385,0.924,1.0
10993,Yes,already,Yes,Clear,0.938,0.377,0.923,0.506
10615,Yes,already,Yes,Clear,0.842,0.573,0.823,0.827
10890,No,N/A,N/A,N/A,0.965,1.0,1.0,1.0
10283,Yes,between_2_and_5_years,Yes,Clear,0.934,0.408,0.932,0.881
10420,No,N/A,N/A,N/A,0.849,1.0,1.0,1.0
10023,Yes,between_2_and_5_years,Yes,Clear,0.931,0.524,0.921,0.689
10308,Yes,between_2_and_5_years,Yes,Not Clear,0.874,0.646,0.852,0.831
10389,Yes,already,Yes,Clear,0.925,0.479,0.928,0.918
10133,No,N/A,N/A,N/A,0.96,1.0,1.0,1.0
10960,No,N/A,N/A,N/A,0.893,1.0,1.0,1.0
10696,Yes,more_than_5_years,Yes,Clear,0.916,0.858,0.873,0.645
10399,Yes,already,Yes,Clear,0.873,0.655,0.72,0.629
10187,Yes,between_2_and_5_years,Yes,Clear,0.927,0.611,0.78,0.469
10157,Yes,already,Yes,Clear,0.618,0.679,0.737,0.775
10422,Yes,between_2_and_5_years,Yes,Clear,0.922,0.502,0.899,0.891
10004,Yes,already,Yes,Clear,0.893,0.486,0.934,0.69
10234,No,N/A,N/A,N/A,0.955,1.0,1.0,1.0
10352,No,N/A,N/A,N/A,0.968,1.0,1.0,1.0
10935,Yes,between_2_and_5_years,Yes,Clear,0.936,0.488,0.926,0.726
10868,Yes,between_2_and_5_years,Yes,Clear,0.944,0.588,0.883,0.8
10464,Yes,already,Yes,Clear,0.903,0.563,0.909,0.879
10683,Yes,already,Yes,Not Clear,0.9,0.464,0.86,0.52
10199,Yes,between_2_and_5_years,Yes,Not Clear,0.929,0.455,0.618,0.831
10186,Yes,between_2_and_5_years,Yes,Not Clear,0.923,0.517,0.866,0.479
10429,Yes,more_than_5_years,Yes,Clear,0.937,0.537,0.831,0.876
10967,Yes,already,Yes,Clear,0.739,0.654,0.798,0.84
10291,Yes,more_than_5_years,Yes,Clear,0.836,0.45,0.782,0.712
10693,Yes,already,Yes,Clear,0.856,0.626,0.898,0.884
10523,Yes,between_2_and_5_years,Yes,Clear,0.951,0.406,0.893,0.842
10750,Yes,more_than_5_years,Yes,Clear,0.945,0.415,0.896,0.597
10882,Yes,already,Yes,Clear,0.888,0.476,0.813,0.733
10035,Yes,already,Yes,Clear,0.703,0.468,0.639,0.528
10360,Yes,between_2_and_5_years,Yes,Not Clear,0.826,0.539,0.578,0.421
10921,Yes,between_2_and_5_years,Yes,Not Clear,0.905,0.735,0.63,0.894
10466,Yes,between_2_and_5_years,No,N/A,0.901,0.652,0.664,1.0
10312,Yes,more_than_5_years,Yes,Clear,0.913,0.857,0.875,0.761
10699,Yes,between_2_and_5_years,Yes,Clear,0.862,0.558,0.855,0.897
10623,Yes,more_than_5_years,Yes,Clear,0.913,0.45,0.925,0.757
10233,Yes,more_than_5_years,Yes,Clear,0.921,0.777,0.904,0.675
10522,Yes,already,Yes,Clear,0.674,0.451,0.468,0.495
10162,Yes,more_than_5_years,Yes,Clear,0.933,0.469,0.91,0.829
10675,Yes,between_2_and_5_years,Yes,Clear,0.919,0.469,0.936,0.74
10972,Yes,between_2_and_5_years,Yes,Clear,0.935,0.396,0.936,0.751
10676,Yes,between_2_and_5_years,Yes,Clear,0.887,0.793,0.507,0.538
10836,Yes,between_2_and_5_years,Yes,Clear,0.942,0.549,0.895,0.7
10090,Yes,between_2_and_5_years,No,N/A,0.888,0.739,0.853,1.0
10731,Yes,between_2_and_5_years,Yes,Not Clear,0.908,0.539,0.904,0.915
10398,Yes,already,Yes,Clear,0.846,0.48,0.911,0.778
10331,Yes,already,Yes,Clear,0.879,0.614,0.913,0.645
10510,No,N/A,N/A,N/A,0.972,1.0,1.0,1.0
10174,Yes,more_than_5_years,Yes,Not Clear,0.915,0.817,0.855,0.653
10274,Yes,between_2_and_5_years,No,N/A,0.503,0.43,0.848,1.0
10834,Yes,already,Yes,Clear,0.644,0.462,0.645,0.753
