id,promise_status,promise_status_confidence,verification_timeline,verification_timeline_confidence,evidence_status,evidence_status_confidence,evidence_quality,evidence_quality_confidence
10001,Yes,0.60,between_2_and_5_years,0.70,No,0.58,N/A,0.55
10004,Yes,0.98,N/A,0.55,Yes,1.00,N/A,0.55
10005,Yes,0.98,between_2_and_5_years,0.70,No,0.99,N/A,0.70
10011,Yes,0.99,between_2_and_5_years,0.70,Yes,1.00,Not Clear,0.70
10020,Yes,0.99,N/A,0.55,Yes,0.67,N/A,0.55
10022,Yes,0.98,N/A,0.55,No,0.99,N/A,0.55
10031,Yes,0.99,N/A,0.55,Yes,1.00,N/A,0.55
10034,Yes,0.97,between_2_and_5_years,0.70,Yes,1.00,N/A,0.55
10039,Yes,0.98,N/A,0.55,Yes,1.00,N/A,0.55
10053,Yes,0.99,N/A,0.55,Yes,1.00,N/A,0.55
10063,Yes,0.99,N/A,0.55,Yes,1.00,N/A,0.55
10064,Yes,0.98,N/A,0.55,No,0.95,N/A,0.55
10065,Yes,0.99,N/A,0.55,Yes,1.00,N/A,0.55
10066,No,0.99,N/A,0.55,N/A,1.00,N/A,0.55
10067,Yes,0.99,between_2_and_5_years,0.70,Yes,1.00,Misleading,0.70
10068,No,0.94,N/A,0.55,N/A,1.00,N/A,0.55
10070,No,0.80,N/A,0.70,N/A,1.00,N/A,0.70
10076,Yes,0.99,more_than_5_years,0.70,Yes,1.00,Not Clear,0.70
10077,No,0.87,N/A,0.70,N/A,0.80,N/A,0.55
10097,No,0.80,N/A,0.70,N/A,1.00,N/A,0.70
10100,Yes,0.99,N/A,0.55,Yes,1.00,N/A,0.55
10102,Yes,0.96,N/A,0.55,Yes,1.00,N/A,0.55
10112,No,0.90,N/A,0.70,N/A,0.80,N/A,0.70
10113,No,0.94,N/A,0.70,N/A,0.80,N/A,0.70
10121,No,0.84,N/A,0.55,N/A,0.80,N/A,0.55
10125,Yes,0.94,N/A,0.55,Yes,0.98,N/A,0.55
10128,No,0.98,N/A,0.70,N/A,1.00,N/A,0.55
10134,No,0.96,N/A,0.55,N/A,0.80,N/A,0.55
10138,Yes,0.99,between_2_and_5_years,0.70,Yes,1.00,Clear,0.70
10146,No,0.96,N/A,0.70,N/A,0.80,N/A,0.55
10155,Yes,0.99,more_than_5_years,0.70,Yes,1.00,Misleading,0.70
10163,No,0.80,N/A,0.55,N/A,1.00,N/A,0.55
10170,No,0.78,N/A,0.55,N/A,0.80,N/A,0.70
10171,Yes,0.97,N/A,0.55,Yes,0.99,N/A,0.55
10172,Yes,0.98,between_2_and_5_years,0.70,Yes,0.97,Clear,0.70
10174,Yes,0.99,N/A,0.55,Yes,1.00,N/A,0.55
10181,Yes,0.99,N/A,0.55,No,0.99,N/A,0.55
10185,Yes,0.98,N/A,0.55,Yes,1.00,N/A,0.55
10192,Yes,0.99,N/A,0.55,Yes,1.00,N/A,0.55
10196,Yes,0.95,more_than_5_years,0.70,Yes,1.00,Not Clear,0.70
10198,Yes,0.99,between_2_and_5_years,0.70,Yes,1.00,N/A,0.55
10209,No,0.54,N/A,0.70,N/A,1.00,N/A,0.55
10211,Yes,0.99,between_2_and_5_years,0.70,Yes,1.00,N/A,0.55
10213,Yes,0.99,N/A,0.55,Yes,1.00,N/A,0.55
10215,Yes,0.94,more_than_5_years,0.70,Yes,0.99,N/A,0.55
10222,Yes,0.99,between_2_and_5_years,0.70,Yes,0.99,Not Clear,0.70
10225,Yes,0.97,between_2_and_5_years,0.70,Yes,1.00,Not Clear,0.70
10226,Yes,0.94,N/A,0.55,Yes,1.00,N/A,0.55
10232,Yes,0.99,between_2_and_5_years,0.70,Yes,1.00,Not Clear,0.70
10235,Yes,0.98,between_2_and_5_years,0.70,Yes,1.00,Clear,0.70
10238,Yes,0.95,N/A,0.55,Yes,0.92,N/A,0.55
10244,No,0.98,N/A,0.55,N/A,0.80,N/A,0.55
10247,No,0.93,N/A,0.55,N/A,1.00,N/A,0.55
10254,Yes,0.98,N/A,0.55,Yes,0.99,N/A,0.55
10257,Yes,0.99,N/A,0.55,Yes,1.00,N/A,0.55
10258,Yes,0.99,between_2_and_5_years,0.70,Yes,0.98,Misleading,0.70
10261,Yes,0.98,N/A,0.55,Yes,1.00,N/A,0.55
10267,Yes,0.95,N/A,0.55,Yes,1.00,N/A,0.55
10282,Yes,0.99,between_2_and_5_years,0.70,Yes,0.95,N/A,0.55
10283,Yes,0.99,between_2_and_5_years,0.70,Yes,1.00,Not Clear,0.70
10287,No,0.97,N/A,0.70,N/A,0.80,N/A,0.70
10298,Yes,0.99,N/A,0.55,Yes,1.00,N/A,0.55
10332,No,0.97,N/A,0.70,N/A,1.00,N/A,0.55
10333,Yes,0.99,N/A,0.55,Yes,1.00,N/A,0.55
10338,Yes,0.99,between_2_and_5_years,0.70,Yes,1.00,N/A,0.55
10343,Yes,0.95,between_2_and_5_years,0.70,Yes,0.99,Misleading,0.70
10348,No,0.99,N/A,0.70,N/A,0.99,N/A,0.55
10350,No,0.66,N/A,0.70,N/A,1.00,N/A,0.55
10355,No,0.97,N/A,0.55,N/A,1.00,N/A,0.70
10356,No,0.90,N/A,0.70,N/A,0.80,N/A,0.70
10363,No,0.70,N/A,0.70,N/A,1.00,N/A,0.70
10364,Yes,0.99,N/A,0.55,Yes,1.00,N/A,0.55
10366,Yes,0.98,N/A,0.55,Yes,0.87,N/A,0.55
10371,No,0.99,N/A,0.55,N/A,1.00,N/A,0.55
10375,No,0.98,N/A,0.70,N/A,1.00,N/A,0.55
10382,No,0.80,N/A,0.55,N/A,0.81,N/A,0.55
10386,Yes,0.99,between_2_and_5_years,0.70,Yes,1.00,N/A,0.55
10388,No,0.80,N/A,0.55,N/A,1.00,N/A,0.55
10397,Yes,0.99,between_2_and_5_years,0.70,Yes,1.00,Clear,0.70
10405,Yes,0.76,N/A,0.55,No,1.00,N/A,0.55
10418,Yes,0.99,more_than_5_years,0.70,Yes,1.00,Not Clear,0.70
10419,Yes,0.99,N/A,0.55,Yes,1.00,N/A,0.55
10420,No,0.91,N/A,0.70,N/A,1.00,N/A,0.55
10424,No,0.80,N/A,0.70,N/A,1.00,N/A,0.55
10428,No,0.92,N/A,0.55,N/A,1.00,N/A,0.55
10432,No,0.98,N/A,0.55,N/A,0.80,N/A,0.55
10453,No,0.96,N/A,0.70,N/A,1.00,N/A,0.55
10459,Yes,0.99,more_than_5_years,0.70,Yes,1.00,Clear,0.70
10467,Yes,0.99,N/A,0.55,No,0.99,N/A,0.55
10472,Yes,0.99,between_2_and_5_years,0.70,Yes,0.72,N/A,0.55
10473,Yes,0.99,N/A,0.55,Yes,1.00,N/A,0.55
10475,Yes,0.99,more_than_5_years,0.70,Yes,1.00,Misleading,0.70
10481,No,0.98,N/A,0.55,N/A,1.00,N/A,0.55
10483,No,0.97,N/A,0.70,N/A,1.00,N/A,0.55
10484,Yes,0.99,between_2_and_5_years,0.70,Yes,0.98,Clear,0.70
10486,Yes,0.97,N/A,0.55,Yes,1.00,N/A,0.55
10488,Yes,0.99,N/A,0.55,Yes,1.00,N/A,0.55
10498,Yes,0.99,N/A,0.55,Yes,1.00,N/A,0.55
10499,No,0.93,N/A,0.70,N/A,0.80,N/A,0.55
10503,No,0.97,N/A,0.55,N/A,0.80,N/A,0.55
10514,Yes,0.95,N/A,0.55,Yes,1.00,N/A,0.55
10515,No,0.98,N/A,0.55,N/A,1.00,N/A,0.55
10517,Yes,0.89,N/A,0.55,Yes,1.00,N/A,0.55
10520,No,0.97,N/A,0.70,N/A,1.00,N/A,0.55
10525,No,0.80,N/A,0.55,N/A,1.00,N/A,0.55
10527,Yes,0.99,N/A,0.55,Yes,1.00,N/A,0.55
10530,Yes,0.99,N/A,0.55,Yes,1.00,N/A,0.55
10531,Yes,0.96,N/A,0.55,Yes,1.00,N/A,0.55
10535,Yes,0.98,N/A,0.55,Yes,1.00,N/A,0.55
10537,No,0.74,N/A,0.55,N/A,0.74,N/A,0.55
10558,Yes,0.97,between_2_and_5_years,0.70,Yes,1.00,Clear,0.70
10571,Yes,0.99,between_2_and_5_years,0.70,Yes,1.00,Clear,0.70
10574,Yes,0.99,N/A,0.55,Yes,1.00,N/A,0.55
10576,Yes,0.98,between_2_and_5_years,0.70,Yes,1.00,Clear,0.70
10577,Yes,0.99,N/A,0.55,Yes,1.00,N/A,0.55
10584,Yes,0.98,between_2_and_5_years,0.70,Yes,1.00,Clear,0.70
10586,Yes,0.64,between_2_and_5_years,0.70,Yes,1.00,Not Clear,0.70
10592,Yes,0.96,N/A,0.55,Yes,1.00,N/A,0.55
10605,No,0.98,N/A,0.70,N/A,1.00,N/A,0.55
10606,Yes,0.99,between_2_and_5_years,0.70,Yes,1.00,Not Clear,0.70
10613,Yes,0.87,N/A,0.55,No,0.98,N/A,0.55
10614,Yes,0.99,between_2_and_5_years,0.70,Yes,1.00,Not Clear,0.70
10623,Yes,0.99,between_2_and_5_years,0.70,Yes,1.00,Clear,0.70
10624,No,0.99,N/A,0.70,N/A,1.00,N/A,0.70
10635,Yes,0.99,more_than_5_years,0.70,Yes,1.00,N/A,0.55
10645,Yes,0.98,N/A,0.55,Yes,1.00,N/A,0.55
10647,Yes,0.97,between_2_and_5_years,0.70,No,0.85,N/A,0.70
10650,Yes,0.99,between_2_and_5_years,0.70,Yes,1.00,Misleading,0.70
10654,No,0.80,N/A,0.55,N/A,1.00,N/A,0.55
10658,Yes,0.99,between_2_and_5_years,0.70,Yes,1.00,Not Clear,0.70
10659,Yes,0.98,N/A,0.55,Yes,0.96,N/A,0.55
10661,Yes,0.98,between_2_and_5_years,0.70,Yes,1.00,N/A,0.55
10662,Yes,0.99,between_2_and_5_years,0.70,Yes,1.00,N/A,0.55
10663,Yes,0.99,between_2_and_5_years,0.70,Yes,1.00,Not Clear,0.70
10668,Yes,0.99,more_than_5_years,0.70,Yes,1.00,N/A,0.55
10671,Yes,0.99,between_2_and_5_years,0.70,Yes,1.00,Clear,0.70
10672,No,0.68,N/A,0.70,N/A,1.00,N/A,0.55
10676,No,0.87,N/A,0.55,N/A,0.80,N/A,0.55
10681,Yes,0.98,between_2_and_5_years,0.70,Yes,0.60,Clear,0.70
10684,Yes,0.96,between_2_and_5_years,0.70,Yes,0.95,N/A,0.55
10691,Yes,0.99,N/A,0.55,Yes,1.00,N/A,0.55
10692,No,0.93,N/A,0.55,N/A,0.80,N/A,0.55
10710,Yes,0.99,more_than_5_years,0.70,Yes,1.00,Misleading,0.70
10719,Yes,0.99,N/A,0.55,Yes,1.00,N/A,0.55
10721,No,0.80,N/A,0.55,N/A,1.00,N/A,0.55
10723,Yes,0.97,N/A,0.55,Yes,1.00,N/A,0.55
10727,Yes,0.65,N/A,0.55,Yes,1.00,N/A,0.55
10738,Yes,0.97,N/A,0.55,Yes,1.00,N/A,0.55
10739,Yes,0.97,between_2_and_5_years,0.70,No,0.99,N/A,0.70
10740,Yes,0.95,N/A,0.55,Yes,1.00,N/A,0.55
10748,No,0.76,N/A,0.70,N/A,0.80,N/A,0.55
10749,Yes,0.99,N/A,0.55,Yes,1.00,N/A,0.55
10750,Yes,0.99,within_2_years,0.70,Yes,1.00,N/A,0.55
10752,Yes,0.99,more_than_5_years,0.70,Yes,1.00,N/A,0.55
10753,Yes,0.98,N/A,0.55,Yes,1.00,N/A,0.55
10760,Yes,0.99,N/A,0.55,Yes,1.00,N/A,0.55
10763,Yes,0.99,between_2_and_5_years,0.70,Yes,0.95,Clear,0.70
10770,Yes,0.98,more_than_5_years,0.70,No,1.00,N/A,0.55
10771,No,0.97,N/A,0.70,N/A,0.80,N/A,0.70
10776,Yes,0.99,N/A,0.55,Yes,1.00,N/A,0.55
10778,Yes,0.99,between_2_and_5_years,0.70,Yes,1.00,Not Clear,0.70
10791,Yes,0.95,N/A,0.55,Yes,0.86,Clear,0.70
10794,Yes,0.99,between_2_and_5_years,0.70,No,0.77,N/A,0.55
10795,Yes,0.99,between_2_and_5_years,0.70,Yes,0.90,N/A,0.55
10803,Yes,0.96,N/A,0.55,Yes,0.91,N/A,0.55
10805,No,0.63,N/A,0.70,N/A,0.80,N/A,0.55
10810,No,0.55,N/A,0.55,N/A,0.80,N/A,0.55
10811,Yes,0.99,more_than_5_years,0.70,Yes,1.00,Not Clear,0.70
10827,No,0.99,N/A,0.70,N/A,1.00,N/A,0.55
10830,Yes,0.99,N/A,0.55,Yes,1.00,N/A,0.55
10831,Yes,0.99,between_2_and_5_years,0.70,Yes,1.00,Not Clear,0.70
10840,Yes,0.96,N/A,0.55,Yes,0.95,N/A,0.55
10844,Yes,0.93,between_2_and_5_years,0.70,Yes,1.00,Clear,0.70
10846,Yes,0.97,between_2_and_5_years,0.70,Yes,1.00,Not Clear,0.70
10848,No,0.99,N/A,0.70,N/A,1.00,N/A,0.55
10857,Yes,0.96,N/A,0.55,No,0.99,N/A,0.55
10858,No,0.99,N/A,0.70,N/A,1.00,N/A,0.70
10860,No,0.91,N/A,0.70,N/A,1.00,N/A,0.55
10861,Yes,0.99,between_2_and_5_years,0.70,Yes,1.00,N/A,0.55
10867,Yes,0.99,N/A,0.55,Yes,1.00,N/A,0.55
10882,Yes,0.96,between_2_and_5_years,0.70,Yes,1.00,Clear,0.70
10884,Yes,0.97,between_2_and_5_years,0.70,Yes,1.00,N/A,0.55
10885,No,0.97,N/A,0.55,N/A,1.00,N/A,0.55
10890,No,0.98,N/A,0.55,N/A,1.00,N/A,0.55
10894,Yes,0.96,N/A,0.55,Yes,1.00,N/A,0.55
10899,No,0.94,N/A,0.70,N/A,1.00,N/A,0.55
10900,Yes,0.99,more_than_5_years,0.70,Yes,1.00,Misleading,0.70
10906,No,0.62,N/A,0.70,N/A,0.80,N/A,0.55
10915,No,0.96,N/A,0.55,N/A,0.80,N/A,0.55
10919,Yes,0.99,already,0.70,Yes,1.00,N/A,0.55
10920,Yes,0.99,N/A,0.55,Yes,1.00,N/A,0.55
10923,Yes,0.99,N/A,0.55,Yes,1.00,N/A,0.55
10945,No,0.93,N/A,0.55,N/A,1.00,N/A,0.55
10950,Yes,0.95,N/A,0.55,No,1.00,N/A,0.55
10977,Yes,0.98,within_2_years,0.70,Yes,1.00,N/A,0.55
10979,Yes,0.99,N/A,0.55,Yes,1.00,N/A,0.55
10980,No,0.98,N/A,0.55,N/A,1.00,N/A,0.55
10983,No,0.96,N/A,0.70,N/A,1.00,N/A,0.55
10988,Yes,0.99,between_2_and_5_years,0.70,Yes,1.00,Clear,0.70
10998,Yes,0.86,N/A,0.55,Yes,1.00,N/A,0.55
